GROUP,PACKAGE,CLASS,INSTRUCTION_MISSED,INSTRUCTION_COVERED,BRANCH_MISSED,BRANCH_COVERED,LINE_MISSED,LINE_COVERED,COMPLEXITY_MISSED,COMPLEXITY_COVERED,METHOD_MISSED,METHOD_COVERED
ms-auth,com.vitalpet.msauth.config,SecurityConfig,63,0,0,0,9,0,5,0,5,0
ms-auth,com.vitalpet.msauth,MsAuthApplication,8,0,0,0,3,0,2,0,2,0
ms-auth,com.vitalpet.msauth.controller,AuthController,17,0,0,0,3,0,3,0,3,0
ms-auth,com.vitalpet.msauth.exception,ResourceNotFoundException,4,0,0,0,2,0,1,0,1,0
ms-auth,com.vitalpet.msauth.exception,GlobalExceptionHandler,202,0,0,0,53,0,9,0,9,0
ms-auth,com.vitalpet.msauth.exception,InvalidCredentialsException,0,4,0,0,0,2,0,1,0,1
ms-auth,com.vitalpet.msauth.service,AuthService,0,122,0,4,0,25,0,6,0,4
ms-auth,com.vitalpet.msauth.security,JwtProvider,42,0,0,0,15,0,3,0,3,0
ms-auth,com.vitalpet.msauth.security,JwtAuthFilter,35,0,6,0,10,0,5,0,2,0
